
INSERT INTO company_entity(id, companyName, country, city)
VALUES
(1, 'id Software', 'CountryName', 'CityName'),
(2, 'Microsoft', 'CountryName', 'CityName'),
(3, 'Valve', 'CountryName', 'CityName'),
(4, 'Nintendo', 'CountryName', 'CityName'),
(5, 'Sony', 'CountryName', 'CityName'),
(6, 'Sega', 'CountryName', 'CityName'),
(7, 'Google', 'CountryName', 'CityName'),
(8, 'Apple', 'CountryName', 'CityName'),
(9, 'Blizzard Entertainment', 'CountryName', 'CityName'),
(10, 'Activision', 'CountryName', 'CityName'),
(11, 'Rockstar', 'CountryName', 'CityName'),
(12, 'EA', 'CountryName', 'CityName'),
(13, 'Bandai Namco', 'CountryName', 'CityName'),
(14, 'Ubisoft Entertainment', 'CountryName', 'CityName'),
(15, 'Square Enix', 'CountryName', 'CityName'),
(16, 'BlueByte', 'CountryName', 'CityName'),
(17, 'Konami', 'CountryName', 'CityName'),
(18, 'Capcom', 'CountryName', 'CityName'),
(19, 'Bungee', 'CountryName', 'CityName'),
(20, 'Microsoft', 'CountryName', 'CityName'),
(21, 'Epic Games', 'CountryName', 'CityName'),
(22, 'Paradox', 'CountryName', 'CityName'),
(23, 'DICE', 'CountryName', 'CityName');

INSERT INTO game_entity(title, company_id)
VALUES
('Commander Keen', 1),
('Wolfenstein 3D', 1),
('Doom', 1),
('Quake', 1),
('Quake II', 1),
('Quake III', 1),
('Rage', 1),
('Doom II: Hell on Earth', 1),
('Final Doom', 1),
('Doom 64', 1),
('Doom III', 1),
('Doom III', 1),
('Microsoft Pinball Arcade', 2),
('Microsoft Golf 1998 Edition', 2),
('Minesweeper', 2),
('Motocross Madness.', 2),
('Age of Empires: Castle Siege', 2),
('Counter-Strike', 3),
('Counter-Strike: Source', 3),
('Counter-Strike: Global Offensive', 3),
('Half-life', 3),
('Half-life 2', 3),
('Portal', 3),
('Portal 2', 3),
('Super Mario Bros', 4),
('Super Mario Bros 2', 4),
('Super Mario Bros 3', 4),
('Super Mario World', 4),
('Pokemon: Gold', 4),
('Pokemon: Red', 4),
('Pokemon: Blue', 4),
('Pokemon: Platinium', 4),
('Dogs Life', 5),
('EyeToy: Groove', 5),
('Sonic', 6),
('Sonic and Knuckles', 6),
('Dragon Force', 6),
('Dynamic Cop', 6),
('World of Warcraft', 9),
('Warcraft I', 9),
('Warcraft II', 9),
('Warcraft III', 9),
('Hearthstone', 9),
('Starcraft', 9),
('Starcraft II', 9),
('Diablo', 9),
('Grand Theft Auto', 11),
('Grand Theft Auto II', 11),
('Grand Theft Auto III', 11),
('Grand Theft Auto IV', 11),
('Grand Theft Auto V', 11),
('Red Dead Redemption', 11),
('Red Dead Redemption II', 11),
('FIFA', 12),
('FIFA 2001', 12),
('FIFA 2002', 12),
('FIFA 2003', 12),
('FIFA 2016', 12),
('FIFA', 12),
('Metal Gear', 13),
('Dragon Ball', 13),
('Dark Souls', 13),
('Tom Clancys Rainbow Six Siege', 14),
('Watch Dogs', 14),
('The Crew', 14),
('Watch Dogs 2', 14),
('Assasins Creed', 14),
('Final Fantasy', 15),
('Final Fantasy II', 15),
('Final Fantasy III', 15),
('Final Fantasy IV', 15),
('Final Fantasy V', 15),
('Final Fantasy VI', 15),
('Final Fantasy VII', 15),
('Final Fantasy VIII', 15),
('Final Fantasy IX', 15),
('Final Fantasy X', 15),
('Final Fantasy XI', 15),
('Final Fantasy XII', 15),
('Dragon Quest XI', 15),
('Tomb Raider', 15),
('Octopath Traveler', 15),
('Kingdom Hearts', 15),
('Kingdom Hearts II', 15),
('Kingdom Hearts III', 15),
('For Honor', 16),
('Skull & Bones', 16),
('The Settlers Online', 16),
('Pro Evolution Soccer', 17),
('The Phantom Plain', 17),
('Frogger', 17),
('Metal Gear Solid', 17),
('Castlevania', 17),
('Contra', 17),
('Teenage Mutant Ninja Turtles', 17),
('Street Fighter', 18),
('Resident Evil', 18),
('Monster Hunter: World', 18),
('Resident Evil', 18),
('Dead Rising', 18),
('Destiny', 19),
('Destiny 2', 19),
('Halo', 19),
('Halo 2', 19),
('Halo 3', 19),
('Halo: Reach', 19),
('Marathon', 19),
('Oni', 19),
('Abuse', 19),
('Baseball 3D', 20),
('Age of Empires', 20),
('Monster Trucks', 20),
('Unreal Tournament', 21),
('Fortnite', 21),
('Battle Breakers', 21),
('Brix', 21),
('Europa Universalis II', 22),
('Airfix Dogfighter', 22),
('Battlefield', 23),
('Mirrors Edge Catalyst', 23),
('Star Wars Battlefront Quter Rim', 23),
('Star Wars Battlefront Rogue One: Scarif', 23);

INSERT INTO platform_entity(id, name, releaseYear, company_id)
VALUES
(1, 'XBox', 2001, 1),
(2, 'PC', 2002, 4),
(3, 'Playstation', 1998, 2),
(4, 'Nintendo', 1984, 3);

INSERT INTO rating_entity(id, user_id, game_id, rating)
VALUES
(1, 1, 1, 5),
(2, 2, 1, 3),
(3, 3, 1, 0),
(4, 4, 1, 3);
